trainGaId;trainGaNr;iterations;score
trainGa01;w001;1;0.492
trainGa01;w001;2;0.250
trainGa01;w001;3;0.071
trainGa01;w001;4;0.265
trainGa01;w001;5;0.143
trainGa01;w001;6;0.117
trainGa01;w001;7;0.193
trainGa01;w001;8;-0.958
trainGa01;w001;9;0.250
trainGa01;w001;10;0.063
trainGa01;w001;11;0.127
trainGa01;w001;12;0.200
trainGa01;w001;13;0.267
trainGa01;w001;14;0.220
trainGa01;w001;15;0.526
trainGa01;w001;16;0.619
trainGa01;w001;17;0.201
trainGa01;w001;18;0.140
trainGa01;w001;19;0.255
trainGa01;w001;20;0.118
trainGa01;w001;21;0.988
trainGa01;w001;22;0.056
trainGa01;w001;23;0.000
trainGa01;w001;24;-0.571
trainGa01;w001;25;0.246
trainGa01;w001;26;-0.125
trainGa01;w001;27;0.229
trainGa01;w001;28;0.111
trainGa01;w001;29;0.201
trainGa01;w001;30;0.222
trainGa01;w001;31;0.153
trainGa01;w001;32;0.313
trainGa01;w001;33;0.116
trainGa01;w001;34;0.104
trainGa01;w001;35;0.333
trainGa01;w001;36;0.271
trainGa01;w001;37;0.188
trainGa01;w001;38;0.606
trainGa01;w001;39;0.000
trainGa01;w001;40;-0.283
trainGa01;w001;41;0.222
trainGa01;w001;42;0.056
trainGa01;w001;43;0.106
trainGa01;w001;44;-0.518
trainGa01;w001;45;0.067
trainGa01;w001;46;0.183
trainGa01;w001;47;0.238
trainGa01;w001;48;0.245
trainGa01;w001;49;0.275
trainGa01;w001;50;0.163
trainGa01;w001;51;0.472
trainGa01;w001;52;0.100
trainGa01;w001;53;0.071
trainGa01;w001;54;0.225
trainGa01;w001;55;0.050
trainGa01;w001;56;0.000
trainGa01;w001;57;0.492
trainGa01;w001;58;0.205
trainGa01;w001;59;-0.134
trainGa01;w001;60;0.579
trainGa01;w001;61;0.268
trainGa01;w001;62;-0.083
trainGa01;w001;63;0.129
trainGa01;w001;64;0.683
trainGa01;w001;65;0.395
trainGa01;w001;66;0.465
trainGa01;w001;67;-0.708
trainGa01;w001;68;0.343
trainGa01;w001;69;0.661
trainGa01;w001;70;0.434
trainGa01;w001;71;1.000
trainGa01;w001;72;1.056
trainGa01;w001;73;0.100
trainGa01;w001;74;0.471
trainGa01;w001;75;0.155
trainGa01;w001;76;-0.599
trainGa01;w001;77;0.610
trainGa01;w001;78;0.340
trainGa01;w001;79;0.385
trainGa01;w001;80;0.687
trainGa01;w001;81;1.592
trainGa01;w001;82;0.282
trainGa01;w001;83;0.178
trainGa01;w001;84;-0.575
trainGa01;w001;85;0.071
trainGa01;w001;86;0.266
trainGa01;w001;87;-0.360
trainGa01;w001;88;0.383
trainGa01;w001;89;0.238
trainGa01;w001;90;0.365
trainGa01;w001;91;0.124
trainGa01;w001;92;0.638
trainGa01;w001;93;0.383
trainGa01;w001;94;0.231
trainGa01;w001;95;0.313
trainGa01;w001;96;0.721
trainGa01;w001;97;0.300
trainGa01;w001;98;0.372
trainGa01;w001;99;0.379
trainGa01;w001;100;0.444
trainGa01;w001;101;0.523
trainGa01;w001;102;0.337
trainGa01;w001;103;0.238
trainGa01;w001;104;0.057
trainGa01;w001;105;1.554
trainGa01;w001;106;1.194
trainGa01;w001;107;0.000
trainGa01;w001;108;0.284
trainGa01;w001;109;-0.194
trainGa01;w001;110;0.213
trainGa01;w001;111;1.854
trainGa01;w001;112;0.303
trainGa01;w001;113;0.446
trainGa01;w001;114;0.580
trainGa01;w001;115;1.082
trainGa01;w001;116;0.917
trainGa01;w001;117;0.437
trainGa01;w001;118;0.281
trainGa01;w001;119;1.293
trainGa01;w001;120;0.423
trainGa01;w001;121;0.405
trainGa01;w001;122;0.659
trainGa01;w001;123;2.711
trainGa01;w001;124;0.317
trainGa01;w001;125;0.960
trainGa01;w001;126;1.618
trainGa01;w001;127;0.823
trainGa01;w001;128;0.143
trainGa01;w001;129;1.008
trainGa01;w001;130;0.270
trainGa01;w001;131;0.196
trainGa01;w001;132;0.083
trainGa01;w001;133;0.486
trainGa01;w001;134;0.340
trainGa01;w001;135;0.337
trainGa01;w001;136;-0.554
trainGa01;w001;137;0.375
trainGa01;w001;138;0.181
trainGa01;w001;139;0.410
trainGa01;w001;140;0.348
trainGa01;w001;141;1.250
trainGa01;w001;142;0.533
trainGa01;w001;143;0.704
trainGa01;w001;144;1.295
trainGa01;w001;145;1.453
trainGa01;w001;146;0.933
trainGa01;w001;147;0.814
trainGa01;w001;148;1.433
trainGa01;w001;149;1.952
trainGa01;w001;150;-0.719
trainGa01;w001;151;-0.182
trainGa01;w001;152;0.161
trainGa01;w001;153;0.849
trainGa01;w001;154;0.827
trainGa01;w001;155;2.758
trainGa01;w001;156;0.998
trainGa01;w001;157;1.766
trainGa01;w001;158;0.917
trainGa01;w001;159;0.247
trainGa01;w001;160;0.393
trainGa01;w001;161;1.340
trainGa01;w001;162;1.834
trainGa01;w001;163;1.236
trainGa01;w001;164;-0.829
trainGa01;w001;165;0.364
trainGa01;w001;166;1.895
trainGa01;w001;167;1.590
trainGa01;w001;168;0.655
trainGa01;w001;169;3.616
trainGa01;w001;170;0.687
trainGa01;w001;171;2.137
trainGa01;w001;172;1.396
trainGa01;w001;173;2.141
trainGa01;w001;174;0.720
trainGa01;w001;175;1.465
trainGa01;w001;176;0.727
trainGa01;w001;177;1.158
trainGa01;w001;178;1.336
trainGa01;w001;179;1.742
trainGa01;w001;180;0.577
trainGa01;w001;181;1.048
trainGa01;w001;182;2.613
trainGa01;w001;183;2.039
trainGa01;w001;184;1.818
trainGa01;w001;185;2.148
trainGa01;w001;186;2.641
trainGa01;w001;187;4.332
trainGa01;w001;188;2.034
trainGa01;w001;189;2.310
trainGa01;w001;190;5.059
trainGa01;w001;191;4.277
trainGa01;w001;192;4.602
trainGa01;w001;193;3.315
trainGa01;w001;194;2.946
trainGa01;w001;195;3.317
trainGa01;w001;196;2.920
trainGa01;w001;197;1.468
trainGa01;w001;198;2.870
trainGa01;w001;199;2.722
trainGa01;w001;200;2.764
trainGa01;w001;201;1.747
trainGa01;w001;202;2.122
trainGa01;w001;203;1.256
trainGa01;w001;204;2.348
trainGa01;w001;205;-0.012
trainGa01;w001;206;2.314
trainGa01;w001;207;4.378
trainGa01;w001;208;3.136
trainGa01;w001;209;2.419
trainGa01;w001;210;3.643
trainGa01;w001;211;3.499
trainGa01;w001;212;0.090
trainGa01;w001;213;0.333
trainGa01;w001;214;4.991
trainGa01;w001;215;4.116
trainGa01;w001;216;0.226
trainGa01;w001;217;2.749
trainGa01;w001;218;1.878
trainGa01;w001;219;4.596
trainGa01;w001;220;2.776
trainGa01;w001;221;1.363
trainGa01;w001;222;1.159
trainGa01;w001;223;4.160
trainGa01;w001;224;2.267
trainGa01;w001;225;2.884
trainGa01;w001;226;1.763
trainGa01;w001;227;1.809
trainGa01;w001;228;3.211
trainGa01;w001;229;3.019
trainGa01;w001;230;7.248
trainGa01;w001;231;2.492
trainGa01;w001;232;3.750
trainGa01;w001;233;0.893
trainGa01;w001;234;3.932
trainGa01;w001;235;3.174
trainGa01;w001;236;3.018
trainGa01;w001;237;1.921
trainGa01;w001;238;2.820
trainGa01;w001;239;1.987
trainGa01;w001;240;4.608
trainGa01;w001;241;2.559
trainGa01;w001;242;4.158
trainGa01;w001;243;3.864
trainGa01;w001;244;6.495
trainGa01;w001;245;1.745
trainGa01;w001;246;3.470
trainGa01;w001;247;3.716
trainGa01;w001;248;4.182
trainGa01;w001;249;5.658
trainGa01;w001;250;6.285
trainGa01;w001;251;3.797
trainGa01;w001;252;3.697
trainGa01;w001;253;5.085
trainGa01;w001;254;1.811
trainGa01;w001;255;6.805
trainGa01;w001;256;3.378
trainGa01;w001;257;3.606
trainGa01;w001;258;4.549
trainGa01;w001;259;5.275
trainGa01;w001;260;5.020
trainGa01;w001;261;3.632
trainGa01;w001;262;6.114
trainGa01;w001;263;4.962
trainGa01;w001;264;4.044
trainGa01;w001;265;4.418
trainGa01;w001;266;5.013
trainGa01;w001;267;3.393
trainGa01;w001;268;5.188
trainGa01;w001;269;5.472
trainGa01;w001;270;4.547
trainGa01;w001;271;3.177
trainGa01;w001;272;8.575
trainGa01;w001;273;8.413
trainGa01;w001;274;3.039
trainGa01;w001;275;5.295
trainGa01;w001;276;3.314
trainGa01;w001;277;7.258
trainGa01;w001;278;4.083
trainGa01;w001;279;6.607
trainGa01;w001;280;7.894
trainGa01;w001;281;7.178
trainGa01;w001;282;6.835
trainGa01;w001;283;11.481
trainGa01;w001;284;2.913
trainGa01;w001;285;5.960
trainGa01;w001;286;4.482
trainGa01;w001;287;5.692
trainGa01;w001;288;5.246
trainGa01;w001;289;0.404
trainGa01;w001;290;5.245
trainGa01;w001;291;2.913
trainGa01;w001;292;1.337
trainGa01;w001;293;5.907
trainGa01;w001;294;3.474
trainGa01;w001;295;5.275
trainGa01;w001;296;5.645
trainGa01;w001;297;9.094
trainGa01;w001;298;7.862
trainGa01;w001;299;5.721
trainGa01;w001;300;5.075
trainGa01;w001;301;4.131
trainGa01;w001;302;2.785
trainGa01;w001;303;3.284
trainGa01;w001;304;9.877
trainGa01;w001;305;5.690
trainGa01;w001;306;6.158
trainGa01;w001;307;2.731
trainGa01;w001;308;5.001
trainGa01;w001;309;5.895
trainGa01;w001;310;6.669
trainGa01;w001;311;5.601
trainGa01;w001;312;7.690
trainGa01;w001;313;7.040
trainGa01;w001;314;6.158
trainGa01;w001;315;8.458
trainGa01;w001;316;9.089
trainGa01;w001;317;8.020
trainGa01;w001;318;7.260
trainGa01;w001;319;4.948
trainGa01;w001;320;8.173
trainGa01;w001;321;9.308
trainGa01;w001;322;11.637
trainGa01;w001;323;5.655
trainGa01;w001;324;9.026
trainGa01;w001;325;6.454
trainGa01;w001;326;9.770
trainGa01;w001;327;12.467
trainGa01;w001;328;7.236
trainGa01;w001;329;9.498
trainGa01;w001;330;7.170
trainGa01;w001;331;10.602
trainGa01;w001;332;5.731
trainGa01;w001;333;9.517
trainGa01;w001;334;5.603
trainGa01;w001;335;9.737
trainGa01;w001;336;2.587
trainGa01;w001;337;12.782
trainGa01;w001;338;6.401
trainGa01;w001;339;6.590
trainGa01;w001;340;13.856
trainGa01;w001;341;6.340
trainGa01;w001;342;13.547
trainGa01;w001;343;9.226
trainGa01;w001;344;5.986
trainGa01;w001;345;3.969
trainGa01;w001;346;4.931
trainGa01;w001;347;6.368
trainGa01;w001;348;5.983
trainGa01;w001;349;8.718
trainGa01;w001;350;6.031
trainGa01;w001;351;4.844
trainGa01;w001;352;3.985
trainGa01;w001;353;11.913
trainGa01;w001;354;4.008
trainGa01;w001;355;6.790
trainGa01;w001;356;5.216
trainGa01;w001;357;2.004
trainGa01;w001;358;10.151
trainGa01;w001;359;6.027
trainGa01;w001;360;5.370
trainGa01;w001;361;5.734
trainGa01;w001;362;2.612
trainGa01;w001;363;6.287
trainGa01;w001;364;5.483
trainGa01;w001;365;10.814
trainGa01;w001;366;9.569
trainGa01;w001;367;6.500
trainGa01;w001;368;6.887
trainGa01;w001;369;8.970
trainGa01;w001;370;11.447
trainGa01;w001;371;8.267
trainGa01;w001;372;9.811
trainGa01;w001;373;9.631
trainGa01;w001;374;7.460
trainGa01;w001;375;15.024
trainGa01;w001;376;10.528
trainGa01;w001;377;6.891
trainGa01;w001;378;6.591
trainGa01;w001;379;9.971
trainGa01;w001;380;8.758
trainGa01;w001;381;8.317
trainGa01;w001;382;13.499
trainGa01;w001;383;7.000
trainGa01;w001;384;6.202
trainGa01;w001;385;11.394
trainGa01;w001;386;10.879
trainGa01;w001;387;4.629
trainGa01;w001;388;6.715
trainGa01;w001;389;7.961
trainGa01;w001;390;7.456
trainGa01;w001;391;8.507
trainGa01;w001;392;6.181
trainGa01;w001;393;6.264
trainGa01;w001;394;8.621
trainGa01;w001;395;4.536
trainGa01;w001;396;6.123
trainGa01;w001;397;13.559
trainGa01;w001;398;7.301
trainGa01;w001;399;10.654
trainGa01;w001;400;7.355
trainGa01;w001;401;12.245
trainGa01;w001;402;7.413
trainGa01;w001;403;6.848
trainGa01;w001;404;5.802
trainGa01;w001;405;5.889
trainGa01;w001;406;6.547
trainGa01;w001;407;11.148
trainGa01;w001;408;9.359
trainGa01;w001;409;10.464
trainGa01;w001;410;11.998
trainGa01;w001;411;9.101
trainGa01;w001;412;10.831
trainGa01;w001;413;7.682
trainGa01;w001;414;7.690
trainGa01;w001;415;6.334
trainGa01;w001;416;10.024
trainGa01;w001;417;9.355
trainGa01;w001;418;8.330
trainGa01;w001;419;9.510
trainGa01;w001;420;11.721
trainGa01;w001;421;8.546
trainGa01;w001;422;8.165
trainGa01;w001;423;9.176
trainGa01;w001;424;10.059
trainGa01;w001;425;10.751
trainGa01;w001;426;12.211
trainGa01;w001;427;10.725
trainGa01;w001;428;13.099
trainGa01;w001;429;10.564
trainGa01;w001;430;7.183
trainGa01;w001;431;11.374
trainGa01;w001;432;4.754
trainGa01;w001;433;11.672
trainGa01;w001;434;9.670
trainGa01;w001;435;9.534
trainGa01;w001;436;8.372
trainGa01;w001;437;10.026
trainGa01;w001;438;7.072
trainGa01;w001;439;6.880
trainGa01;w001;440;13.899
trainGa01;w001;441;3.818
trainGa01;w001;442;7.897
trainGa01;w001;443;10.637
trainGa01;w001;444;9.954
trainGa01;w001;445;10.499
trainGa01;w001;446;13.225
trainGa01;w001;447;12.217
trainGa01;w001;448;10.102
trainGa01;w001;449;13.051
trainGa01;w001;450;10.862
trainGa01;w001;451;12.720
trainGa01;w001;452;11.992
trainGa01;w001;453;9.295
trainGa01;w001;454;12.681
trainGa01;w001;455;12.583
trainGa01;w001;456;16.104
trainGa01;w001;457;10.551
trainGa01;w001;458;7.750
trainGa01;w001;459;9.836
trainGa01;w001;460;16.106
trainGa01;w001;461;16.446
trainGa01;w001;462;14.465
trainGa01;w001;463;12.762
trainGa01;w001;464;19.163
trainGa01;w001;465;19.158
trainGa01;w001;466;18.376
trainGa01;w001;467;13.642
trainGa01;w001;468;16.296
trainGa01;w001;469;12.860
trainGa01;w001;470;17.335
trainGa01;w001;471;11.835
trainGa01;w001;472;10.590
trainGa01;w001;473;11.637
trainGa01;w001;474;12.810
trainGa01;w001;475;12.646
trainGa01;w001;476;12.681
trainGa01;w001;477;10.276
trainGa01;w001;478;14.247
trainGa01;w001;479;13.920
trainGa01;w001;480;10.064
trainGa01;w001;481;21.765
trainGa01;w001;482;15.125
trainGa01;w001;483;17.812
trainGa01;w001;484;13.502
trainGa01;w001;485;16.475
trainGa01;w001;486;14.392
trainGa01;w001;487;16.885
trainGa01;w001;488;12.203
trainGa01;w001;489;18.079
trainGa01;w001;490;17.910
trainGa01;w001;491;7.521
trainGa01;w001;492;13.279
trainGa01;w001;493;9.817
trainGa01;w001;494;13.749
trainGa01;w001;495;15.181
trainGa01;w001;496;11.270
trainGa01;w001;497;16.578
trainGa01;w001;498;9.238
trainGa01;w001;499;18.042
trainGa01;w001;500;19.465
trainGa01;w001;501;14.570
trainGa01;w001;502;17.887
trainGa01;w001;503;19.067
trainGa01;w001;504;10.555
trainGa01;w001;505;16.178
trainGa01;w001;506;18.592
trainGa01;w001;507;23.631
trainGa01;w001;508;13.297
trainGa01;w001;509;10.818
trainGa01;w001;510;11.951
trainGa01;w001;511;12.225
trainGa01;w001;512;13.429
trainGa01;w001;513;18.906
trainGa01;w001;514;14.523
trainGa01;w001;515;13.044
trainGa01;w001;516;13.376
trainGa01;w001;517;14.031
trainGa01;w001;518;12.135
trainGa01;w001;519;16.832
trainGa01;w001;520;19.284
trainGa01;w001;521;12.292
trainGa01;w001;522;17.047
trainGa01;w001;523;14.056
trainGa01;w001;524;17.115
trainGa01;w001;525;11.620
trainGa01;w001;526;10.664
trainGa01;w001;527;13.241
trainGa01;w001;528;19.981
trainGa01;w001;529;16.866
trainGa01;w001;530;5.358
trainGa01;w001;531;18.178
trainGa01;w001;532;12.680
trainGa01;w001;533;10.394
trainGa01;w001;534;11.173
trainGa01;w001;535;14.773
trainGa01;w001;536;12.635
trainGa01;w001;537;11.493
trainGa01;w001;538;9.849
trainGa01;w001;539;14.264
trainGa01;w001;540;15.782
trainGa01;w001;541;11.193
trainGa01;w001;542;8.171
trainGa01;w001;543;20.162
trainGa01;w001;544;11.935
trainGa01;w001;545;14.643
trainGa01;w001;546;7.540
trainGa01;w001;547;16.597
trainGa01;w001;548;12.417
trainGa01;w001;549;12.588
trainGa01;w001;550;11.247
trainGa01;w001;551;11.202
trainGa01;w001;552;15.761
trainGa01;w001;553;10.862
trainGa01;w001;554;14.919
trainGa01;w001;555;12.975
trainGa01;w001;556;9.323
trainGa01;w001;557;17.838
trainGa01;w001;558;5.011
trainGa01;w001;559;11.756
trainGa01;w001;560;13.600
trainGa01;w001;561;7.651
trainGa01;w001;562;7.461
trainGa01;w001;563;15.602
trainGa01;w001;564;14.908
trainGa01;w001;565;11.934
trainGa01;w001;566;9.907
trainGa01;w001;567;18.829
trainGa01;w001;568;12.192
trainGa01;w001;569;15.348
trainGa01;w001;570;15.493
trainGa01;w001;571;12.756
trainGa01;w001;572;16.683
trainGa01;w001;573;15.798
trainGa01;w001;574;19.672
trainGa01;w001;575;25.154
trainGa01;w001;576;19.704
trainGa01;w001;577;17.888
trainGa01;w001;578;17.562
trainGa01;w001;579;15.143
trainGa01;w001;580;16.017
trainGa01;w001;581;12.009
trainGa01;w001;582;11.546
trainGa01;w001;583;14.683
trainGa01;w001;584;17.239
trainGa01;w001;585;12.019
trainGa01;w001;586;11.465
trainGa01;w001;587;14.813
trainGa01;w001;588;15.749
trainGa01;w001;589;11.251
trainGa01;w001;590;13.783
trainGa01;w001;591;14.013
trainGa01;w001;592;14.670
trainGa01;w001;593;12.941
trainGa01;w001;594;14.175
trainGa01;w001;595;9.836
trainGa01;w001;596;11.920
trainGa01;w001;597;10.109
trainGa01;w001;598;14.803
trainGa01;w001;599;15.564
trainGa01;w001;600;19.535
trainGa01;w001;601;11.858
trainGa01;w001;602;13.096
trainGa01;w001;603;13.744
trainGa01;w001;604;10.838
trainGa01;w001;605;12.793
trainGa01;w001;606;15.027
trainGa01;w001;607;10.894
trainGa01;w001;608;18.489
trainGa01;w001;609;17.154
trainGa01;w001;610;4.851
trainGa01;w001;611;13.102
trainGa01;w001;612;10.653
trainGa01;w001;613;13.392
trainGa01;w001;614;12.791
trainGa01;w001;615;17.491
trainGa01;w001;616;11.159
trainGa01;w001;617;16.810
trainGa01;w001;618;13.272
trainGa01;w001;619;13.855
trainGa01;w001;620;12.397
trainGa01;w001;621;13.043
trainGa01;w001;622;12.640
trainGa01;w001;623;12.464
trainGa01;w001;624;8.712
trainGa01;w001;625;13.333
trainGa01;w001;626;13.783
trainGa01;w001;627;15.034
trainGa01;w001;628;9.160
trainGa01;w001;629;10.762
trainGa01;w001;630;11.336
trainGa01;w001;631;10.470
trainGa01;w001;632;14.347
trainGa01;w001;633;11.771
trainGa01;w001;634;13.063
trainGa01;w001;635;13.955
trainGa01;w001;636;11.614
trainGa01;w001;637;10.058
trainGa01;w001;638;11.165
trainGa01;w001;639;10.519
trainGa01;w001;640;10.390
trainGa01;w001;641;10.500
trainGa01;w001;642;10.704
trainGa01;w001;643;8.538
trainGa01;w001;644;7.705
trainGa01;w001;645;12.725
trainGa01;w001;646;10.937
trainGa01;w001;647;10.007
trainGa01;w001;648;10.143
trainGa01;w001;649;16.322
trainGa01;w001;650;11.679
trainGa01;w001;651;12.360
trainGa01;w001;652;8.487
trainGa01;w001;653;16.380
trainGa01;w001;654;7.728
trainGa01;w001;655;8.250
trainGa01;w001;656;12.261
trainGa01;w001;657;10.659
trainGa01;w001;658;6.714
trainGa01;w001;659;9.418
trainGa01;w001;660;8.273
trainGa01;w001;661;11.275
trainGa01;w001;662;9.143
trainGa01;w001;663;9.541
trainGa01;w001;664;9.262
trainGa01;w001;665;12.167
trainGa01;w001;666;9.227
trainGa01;w001;667;10.870
trainGa01;w001;668;7.411
trainGa01;w001;669;13.955
trainGa01;w001;670;11.749
trainGa01;w001;671;11.989
trainGa01;w001;672;10.003
trainGa01;w001;673;9.575
trainGa01;w001;674;9.488
trainGa01;w001;675;8.028
trainGa01;w001;676;14.367
trainGa01;w001;677;10.269
trainGa01;w001;678;15.102
trainGa01;w001;679;16.072
trainGa01;w001;680;15.208
trainGa01;w001;681;14.560
trainGa01;w001;682;7.338
trainGa01;w001;683;11.905
trainGa01;w001;684;11.483
trainGa01;w001;685;18.359
trainGa01;w001;686;19.340
trainGa01;w001;687;17.702
trainGa01;w001;688;14.344
trainGa01;w001;689;15.238
trainGa01;w001;690;18.212
trainGa01;w001;691;16.098
trainGa01;w001;692;15.034
trainGa01;w001;693;18.520
trainGa01;w001;694;12.317
trainGa01;w001;695;14.019
trainGa01;w001;696;22.166
trainGa01;w001;697;23.403
trainGa01;w001;698;18.476
trainGa01;w001;699;13.924
trainGa01;w001;700;15.904
trainGa01;w001;701;15.495
trainGa01;w001;702;17.980
trainGa01;w001;703;14.878
trainGa01;w001;704;17.806
trainGa01;w001;705;21.388
trainGa01;w001;706;21.405
trainGa01;w001;707;17.666
trainGa01;w001;708;14.614
trainGa01;w001;709;19.281
trainGa01;w001;710;23.386
trainGa01;w001;711;23.088
trainGa01;w001;712;22.661
trainGa01;w001;713;19.431
trainGa01;w001;714;18.809
trainGa01;w001;715;14.162
trainGa01;w001;716;19.966
trainGa01;w001;717;22.164
trainGa01;w001;718;21.430
trainGa01;w001;719;24.999
trainGa01;w001;720;27.583
trainGa01;w001;721;19.580
trainGa01;w001;722;27.727
trainGa01;w001;723;18.383
trainGa01;w001;724;20.169
trainGa01;w001;725;25.352
trainGa01;w001;726;24.118
trainGa01;w001;727;19.039
trainGa01;w001;728;17.924
trainGa01;w001;729;22.542
trainGa01;w001;730;19.980
trainGa01;w001;731;11.791
trainGa01;w001;732;20.019
trainGa01;w001;733;13.062
trainGa01;w001;734;16.371
trainGa01;w001;735;20.985
trainGa01;w001;736;14.560
trainGa01;w001;737;21.829
trainGa01;w001;738;20.820
trainGa01;w001;739;18.982
trainGa01;w001;740;21.524
trainGa01;w001;741;20.958
trainGa01;w001;742;23.432
trainGa01;w001;743;20.432
trainGa01;w001;744;18.195
trainGa01;w001;745;25.827
trainGa01;w001;746;27.444
trainGa01;w001;747;22.648
trainGa01;w001;748;22.563
trainGa01;w001;749;21.121
trainGa01;w001;750;19.695
trainGa01;w001;751;22.518
trainGa01;w001;752;21.531
trainGa01;w001;753;20.746
trainGa01;w001;754;27.524
trainGa01;w001;755;22.621
trainGa01;w001;756;14.319
trainGa01;w001;757;20.421
trainGa01;w001;758;24.877
trainGa01;w001;759;29.698
trainGa01;w001;760;25.697
trainGa01;w001;761;23.565
trainGa01;w001;762;27.328
trainGa01;w001;763;19.034
trainGa01;w001;764;22.407
trainGa01;w001;765;22.418
trainGa01;w001;766;22.902
trainGa01;w001;767;25.607
trainGa01;w001;768;33.697
trainGa01;w001;769;25.774
trainGa01;w001;770;27.966
trainGa01;w001;771;24.891
trainGa01;w001;772;17.401
trainGa01;w001;773;26.393
trainGa01;w001;774;23.686
trainGa01;w001;775;21.590
trainGa01;w001;776;34.938
trainGa01;w001;777;24.819
trainGa01;w001;778;23.602
trainGa01;w001;779;27.838
trainGa01;w001;780;26.118
trainGa01;w001;781;21.615
trainGa01;w001;782;21.534
trainGa01;w001;783;26.241
trainGa01;w001;784;30.009
trainGa01;w001;785;34.706
trainGa01;w001;786;31.627
trainGa01;w001;787;35.066
trainGa01;w001;788;31.700
trainGa01;w001;789;32.751
trainGa01;w001;790;32.901
trainGa01;w001;791;29.935
trainGa01;w001;792;33.035
trainGa01;w001;793;36.221
trainGa01;w001;794;38.064
trainGa01;w001;795;31.576
trainGa01;w001;796;39.437
trainGa01;w001;797;27.346
trainGa01;w001;798;31.572
trainGa01;w001;799;37.087
trainGa01;w001;800;36.703
trainGa01;w001;801;20.990
trainGa01;w001;802;35.954
trainGa01;w001;803;31.482
trainGa01;w001;804;30.431
trainGa01;w001;805;28.762
trainGa01;w001;806;34.556
trainGa01;w001;807;40.236
trainGa01;w001;808;33.619
trainGa01;w001;809;34.417
trainGa01;w001;810;40.238
trainGa01;w001;811;37.678
trainGa01;w001;812;30.393
trainGa01;w001;813;32.725
trainGa01;w001;814;28.810
trainGa01;w001;815;30.202
trainGa01;w001;816;36.532
trainGa01;w001;817;27.605
trainGa01;w001;818;28.249
trainGa01;w001;819;33.420
trainGa01;w001;820;25.495
trainGa01;w001;821;30.496
trainGa01;w001;822;22.570
trainGa01;w001;823;25.642
trainGa01;w001;824;31.188
trainGa01;w001;825;26.353
trainGa01;w001;826;29.133
trainGa01;w001;827;28.151
trainGa01;w001;828;43.066
trainGa01;w001;829;31.894
trainGa01;w001;830;29.285
trainGa01;w001;831;31.946
trainGa01;w001;832;25.102
trainGa01;w001;833;23.174
trainGa01;w001;834;28.873
trainGa01;w001;835;41.849
trainGa01;w001;836;21.055
trainGa01;w001;837;21.658
trainGa01;w001;838;35.517
trainGa01;w001;839;21.436
trainGa01;w001;840;28.083
trainGa01;w001;841;27.910
trainGa01;w001;842;25.034
trainGa01;w001;843;32.776
trainGa01;w001;844;30.213
trainGa01;w001;845;35.484
trainGa01;w001;846;39.346
trainGa01;w001;847;40.909
trainGa01;w001;848;35.818
trainGa01;w001;849;29.851
trainGa01;w001;850;30.541
trainGa01;w001;851;39.563
trainGa01;w001;852;27.144
trainGa01;w001;853;35.667
trainGa01;w001;854;41.760
trainGa01;w001;855;28.682
trainGa01;w001;856;31.975
trainGa01;w001;857;36.503
trainGa01;w001;858;34.320
trainGa01;w001;859;44.528
trainGa01;w001;860;40.470
trainGa01;w001;861;25.193
trainGa01;w001;862;27.833
trainGa01;w001;863;32.641
trainGa01;w001;864;32.952
trainGa01;w001;865;34.478
trainGa01;w001;866;28.819
trainGa01;w001;867;33.449
trainGa01;w001;868;29.964
trainGa01;w001;869;36.048
trainGa01;w001;870;29.140
trainGa01;w001;871;30.127
trainGa01;w001;872;31.352
trainGa01;w001;873;26.997
trainGa01;w001;874;26.321
trainGa01;w001;875;31.484
trainGa01;w001;876;27.757
trainGa01;w001;877;37.358
trainGa01;w001;878;29.497
trainGa01;w001;879;31.186
trainGa01;w001;880;26.962
trainGa01;w001;881;24.595
trainGa01;w001;882;34.144
trainGa01;w001;883;43.747
trainGa01;w001;884;32.409
trainGa01;w001;885;30.078
trainGa01;w001;886;28.297
trainGa01;w001;887;22.933
trainGa01;w001;888;31.798
trainGa01;w001;889;31.076
trainGa01;w001;890;35.575
trainGa01;w001;891;24.294
trainGa01;w001;892;33.874
trainGa01;w001;893;33.599
trainGa01;w001;894;29.719
trainGa01;w001;895;29.661
trainGa01;w001;896;25.096
trainGa01;w001;897;33.147
trainGa01;w001;898;33.052
trainGa01;w001;899;35.426
trainGa01;w001;900;35.709
trainGa01;w001;901;33.363
trainGa01;w001;902;38.595
trainGa01;w001;903;31.340
trainGa01;w001;904;24.129
trainGa01;w001;905;31.975
trainGa01;w001;906;24.540
trainGa01;w001;907;34.001
trainGa01;w001;908;24.625
trainGa01;w001;909;34.611
trainGa01;w001;910;26.433
trainGa01;w001;911;29.461
trainGa01;w001;912;35.142
trainGa01;w001;913;30.341
trainGa01;w001;914;35.194
trainGa01;w001;915;38.467
trainGa01;w001;916;32.131
trainGa01;w001;917;25.267
trainGa01;w001;918;36.077
trainGa01;w001;919;25.685
trainGa01;w001;920;29.290
trainGa01;w001;921;36.774
trainGa01;w001;922;30.867
trainGa01;w001;923;21.400
trainGa01;w001;924;27.417
trainGa01;w001;925;32.548
trainGa01;w001;926;36.113
trainGa01;w001;927;36.754
trainGa01;w001;928;43.004
trainGa01;w001;929;39.159
trainGa01;w001;930;31.238
trainGa01;w001;931;33.382
trainGa01;w001;932;37.368
trainGa01;w001;933;28.758
trainGa01;w001;934;28.941
trainGa01;w001;935;28.378
trainGa01;w001;936;29.094
trainGa01;w001;937;27.767
trainGa01;w001;938;29.260
trainGa01;w001;939;27.340
trainGa01;w001;940;28.234
trainGa01;w001;941;21.941
trainGa01;w001;942;26.068
trainGa01;w001;943;28.895
trainGa01;w001;944;33.645
trainGa01;w001;945;37.560
trainGa01;w001;946;34.367
trainGa01;w001;947;23.650
trainGa01;w001;948;36.193
trainGa01;w001;949;35.592
trainGa01;w001;950;27.734
trainGa01;w001;951;33.927
trainGa01;w001;952;33.200
trainGa01;w001;953;30.640
trainGa01;w001;954;27.111
trainGa01;w001;955;28.378
trainGa01;w001;956;33.767
trainGa01;w001;957;30.249
trainGa01;w001;958;25.335
trainGa01;w001;959;26.797
trainGa01;w001;960;27.229
trainGa01;w001;961;24.838
trainGa01;w001;962;31.566
trainGa01;w001;963;33.945
trainGa01;w001;964;19.374
trainGa01;w001;965;23.428
trainGa01;w001;966;27.638
trainGa01;w001;967;31.112
trainGa01;w001;968;23.434
trainGa01;w001;969;22.731
trainGa01;w001;970;19.770
trainGa01;w001;971;27.368
trainGa01;w001;972;25.782
trainGa01;w001;973;27.133
trainGa01;w001;974;30.957
trainGa01;w001;975;34.499
trainGa01;w001;976;27.280
trainGa01;w001;977;29.872
trainGa01;w001;978;28.236
trainGa01;w001;979;25.680
trainGa01;w001;980;27.567
trainGa01;w001;981;22.755
trainGa01;w001;982;24.006
trainGa01;w001;983;20.131
trainGa01;w001;984;21.737
trainGa01;w001;985;24.317
trainGa01;w001;986;26.334
trainGa01;w001;987;19.926
trainGa01;w001;988;20.528
trainGa01;w001;989;27.143
trainGa01;w001;990;30.638
trainGa01;w001;991;26.009
trainGa01;w001;992;21.356
trainGa01;w001;993;27.741
trainGa01;w001;994;28.771
trainGa01;w001;995;34.032
trainGa01;w001;996;18.124
trainGa01;w001;997;19.727
trainGa01;w001;998;29.969
trainGa01;w001;999;28.162
trainGa01;w001;1000;26.588
trainGa01;w001;1001;40.619
trainGa01;w001;1002;29.527
trainGa01;w001;1003;30.676
trainGa01;w001;1004;31.310
trainGa01;w001;1005;39.417
trainGa01;w001;1006;33.631
trainGa01;w001;1007;33.412
trainGa01;w001;1008;33.732
trainGa01;w001;1009;30.000
trainGa01;w001;1010;40.785
trainGa01;w001;1011;32.111
trainGa01;w001;1012;27.444
trainGa01;w001;1013;41.807
trainGa01;w001;1014;38.264
trainGa01;w001;1015;41.798
trainGa01;w001;1016;35.871
trainGa01;w001;1017;35.918
trainGa01;w001;1018;27.239
trainGa01;w001;1019;33.018
trainGa01;w001;1020;21.744
trainGa01;w001;1021;25.941
trainGa01;w001;1022;26.800
trainGa01;w001;1023;39.155
trainGa01;w001;1024;33.708
trainGa01;w001;1025;34.830
trainGa01;w001;1026;25.437
trainGa01;w001;1027;32.547
trainGa01;w001;1028;30.480
trainGa01;w001;1029;25.957
trainGa01;w001;1030;26.325
trainGa01;w001;1031;30.875
trainGa01;w001;1032;30.369
trainGa01;w001;1033;39.062
trainGa01;w001;1034;30.201
trainGa01;w001;1035;34.981
trainGa01;w001;1036;43.514
trainGa01;w001;1037;56.801
trainGa01;w001;1038;41.986
trainGa01;w001;1039;31.233
trainGa01;w001;1040;43.431
trainGa01;w001;1041;37.246
trainGa01;w001;1042;45.275
trainGa01;w001;1043;47.788
trainGa01;w001;1044;39.981
trainGa01;w001;1045;38.596
trainGa01;w001;1046;32.641
trainGa01;w001;1047;31.720
trainGa01;w001;1048;31.445
trainGa01;w001;1049;36.697
trainGa01;w001;1050;34.844
trainGa01;w001;1051;28.624
trainGa01;w001;1052;27.765
trainGa01;w001;1053;37.652
trainGa01;w001;1054;33.475
trainGa01;w001;1055;38.803
trainGa01;w001;1056;30.049
trainGa01;w001;1057;36.035
trainGa01;w001;1058;26.484
trainGa01;w001;1059;33.736
trainGa01;w001;1060;29.842
trainGa01;w001;1061;34.059
trainGa01;w001;1062;25.014
trainGa01;w001;1063;32.460
trainGa01;w001;1064;34.991
trainGa01;w001;1065;33.561
trainGa01;w001;1066;34.221
trainGa01;w001;1067;15.676
trainGa01;w001;1068;33.972
trainGa01;w001;1069;38.111
trainGa01;w001;1070;38.249
trainGa01;w001;1071;40.293
trainGa01;w001;1072;40.571
trainGa01;w001;1073;45.000
trainGa01;w001;1074;34.621
trainGa01;w001;1075;42.694
trainGa01;w001;1076;39.407
trainGa01;w001;1077;34.110
trainGa01;w001;1078;35.369
trainGa01;w001;1079;36.461
trainGa01;w001;1080;31.921
trainGa01;w001;1081;30.351
trainGa01;w001;1082;38.317
trainGa01;w001;1083;34.307
trainGa01;w001;1084;35.059
trainGa01;w001;1085;32.920
trainGa01;w001;1086;35.842
trainGa01;w001;1087;35.192
trainGa01;w001;1088;50.517
trainGa01;w001;1089;33.025
trainGa01;w001;1090;34.492
trainGa01;w001;1091;33.011
trainGa01;w001;1092;30.536
trainGa01;w001;1093;33.661
trainGa01;w001;1094;44.198
trainGa01;w001;1095;39.380
trainGa01;w001;1096;33.308
trainGa01;w001;1097;43.331
trainGa01;w001;1098;32.838
trainGa01;w001;1099;34.207
trainGa01;w001;1100;28.821
trainGa01;w001;1101;50.384
trainGa01;w001;1102;33.754
trainGa01;w001;1103;42.985
trainGa01;w001;1104;31.384
trainGa01;w001;1105;36.573
trainGa01;w001;1106;30.439
trainGa01;w001;1107;33.244
trainGa01;w001;1108;31.180
trainGa01;w001;1109;33.973
trainGa01;w001;1110;34.645
trainGa01;w001;1111;32.119
trainGa01;w001;1112;31.464
trainGa01;w001;1113;31.334
trainGa01;w001;1114;28.116
trainGa01;w001;1115;32.678
trainGa01;w001;1116;28.198
trainGa01;w001;1117;28.330
trainGa01;w001;1118;25.812
trainGa01;w001;1119;25.584
trainGa01;w001;1120;40.127
trainGa01;w001;1121;28.544
trainGa01;w001;1122;34.933
trainGa01;w001;1123;33.554
trainGa01;w001;1124;31.455
trainGa01;w001;1125;37.823
trainGa01;w001;1126;39.615
trainGa01;w001;1127;39.664
trainGa01;w001;1128;33.730
trainGa01;w001;1129;37.091
trainGa01;w001;1130;41.426
trainGa01;w001;1131;37.677
trainGa01;w001;1132;35.604
trainGa01;w001;1133;35.010
trainGa01;w001;1134;34.684
trainGa01;w001;1135;38.049
trainGa01;w001;1136;30.000
trainGa01;w001;1137;35.184
trainGa01;w001;1138;38.533
trainGa01;w001;1139;30.186
trainGa01;w001;1140;31.753
trainGa01;w001;1141;35.177
trainGa01;w001;1142;22.400
trainGa01;w001;1143;32.893
trainGa01;w001;1144;30.303
trainGa01;w001;1145;43.021
trainGa01;w001;1146;33.405
trainGa01;w001;1147;41.381
trainGa01;w001;1148;44.003
trainGa01;w001;1149;35.974
trainGa01;w001;1150;31.494
trainGa01;w001;1151;33.981
trainGa01;w001;1152;28.013
trainGa01;w001;1153;30.510
trainGa01;w001;1154;22.477
trainGa01;w001;1155;37.303
trainGa01;w001;1156;38.629
trainGa01;w001;1157;26.344
trainGa01;w001;1158;35.424
trainGa01;w001;1159;25.473
trainGa01;w001;1160;33.873
trainGa01;w001;1161;35.750
trainGa01;w001;1162;38.290
trainGa01;w001;1163;38.317
trainGa01;w001;1164;41.226
trainGa01;w001;1165;26.605
trainGa01;w001;1166;19.777
trainGa01;w001;1167;16.685
trainGa01;w001;1168;25.943
trainGa01;w001;1169;26.064
trainGa01;w001;1170;22.670
trainGa01;w001;1171;23.418
trainGa01;w001;1172;21.064
trainGa01;w001;1173;25.834
trainGa01;w001;1174;30.137
trainGa01;w001;1175;24.300
trainGa01;w001;1176;25.812
trainGa01;w001;1177;29.061
trainGa01;w001;1178;37.105
trainGa01;w001;1179;26.239
trainGa01;w001;1180;42.432
trainGa01;w001;1181;30.169
trainGa01;w001;1182;36.043
trainGa01;w001;1183;38.304
trainGa01;w001;1184;27.332
trainGa01;w001;1185;31.217
trainGa01;w001;1186;19.674
trainGa01;w001;1187;31.378
trainGa01;w001;1188;27.507
trainGa01;w001;1189;30.382
trainGa01;w001;1190;31.209
trainGa01;w001;1191;36.133
trainGa01;w001;1192;31.651
trainGa01;w001;1193;30.050
trainGa01;w001;1194;33.434
trainGa01;w001;1195;31.146
trainGa01;w001;1196;28.998
trainGa01;w001;1197;29.622
trainGa01;w001;1198;29.268
trainGa01;w001;1199;30.577
trainGa01;w001;1200;41.504
trainGa01;w001;1201;24.225
trainGa01;w001;1202;35.697
trainGa01;w001;1203;27.874
trainGa01;w001;1204;36.067
trainGa01;w001;1205;24.531
trainGa01;w001;1206;36.354
trainGa01;w001;1207;41.406
trainGa01;w001;1208;26.957
trainGa01;w001;1209;28.903
trainGa01;w001;1210;29.539
trainGa01;w001;1211;27.047
trainGa01;w001;1212;28.130
trainGa01;w001;1213;32.737
trainGa01;w001;1214;33.719
trainGa01;w001;1215;23.262
trainGa01;w001;1216;36.683
trainGa01;w001;1217;27.491
trainGa01;w001;1218;29.985
trainGa01;w001;1219;29.425
trainGa01;w001;1220;25.883
trainGa01;w001;1221;33.324
trainGa01;w001;1222;35.857
trainGa01;w001;1223;40.200
trainGa01;w001;1224;31.525
trainGa01;w001;1225;38.133
trainGa01;w001;1226;41.208
trainGa01;w001;1227;37.333
trainGa01;w001;1228;26.706
trainGa01;w001;1229;35.273
trainGa01;w001;1230;33.370
trainGa01;w001;1231;39.039
trainGa01;w001;1232;44.123
trainGa01;w001;1233;37.796
trainGa01;w001;1234;32.296
trainGa01;w001;1235;39.841
trainGa01;w001;1236;36.324
trainGa01;w001;1237;40.773
trainGa01;w001;1238;40.910
trainGa01;w001;1239;43.320
trainGa01;w001;1240;47.897
trainGa01;w001;1241;30.033
trainGa01;w001;1242;39.506
trainGa01;w001;1243;28.589
trainGa01;w001;1244;20.859
trainGa01;w001;1245;39.166
trainGa01;w001;1246;34.232
trainGa01;w001;1247;38.971
trainGa01;w001;1248;37.889
trainGa01;w001;1249;34.208
trainGa01;w001;1250;39.197
trainGa01;w001;1251;34.845
trainGa01;w001;1252;41.689
trainGa01;w001;1253;38.226
trainGa01;w001;1254;43.417
trainGa01;w001;1255;36.616
trainGa01;w001;1256;33.898
trainGa01;w001;1257;38.303
trainGa01;w001;1258;35.727
trainGa01;w001;1259;39.106
trainGa01;w001;1260;35.011
trainGa01;w001;1261;36.744
trainGa01;w001;1262;36.860
trainGa01;w001;1263;34.253
trainGa01;w001;1264;35.066
trainGa01;w001;1265;36.725
trainGa01;w001;1266;44.847
trainGa01;w001;1267;36.169
trainGa01;w001;1268;29.827
trainGa01;w001;1269;40.017
trainGa01;w001;1270;36.288
trainGa01;w001;1271;40.868
trainGa01;w001;1272;34.009
trainGa01;w001;1273;49.861
trainGa01;w001;1274;31.161
trainGa01;w001;1275;39.203
trainGa01;w001;1276;49.536
trainGa01;w001;1277;35.628
trainGa01;w001;1278;37.938
trainGa01;w001;1279;32.084
trainGa01;w001;1280;34.425
trainGa01;w001;1281;38.854
trainGa01;w001;1282;35.008
trainGa01;w001;1283;31.148
trainGa01;w001;1284;38.824
trainGa01;w001;1285;33.369
trainGa01;w001;1286;32.422
trainGa01;w001;1287;32.581
trainGa01;w001;1288;37.001
trainGa01;w001;1289;36.643
trainGa01;w001;1290;41.044
trainGa01;w001;1291;29.533
trainGa01;w001;1292;27.856
trainGa01;w001;1293;37.878
trainGa01;w001;1294;37.772
trainGa01;w001;1295;30.827
trainGa01;w001;1296;27.550
trainGa01;w001;1297;34.458
trainGa01;w001;1298;35.944
trainGa01;w001;1299;33.424
trainGa01;w001;1300;30.714
trainGa01;w001;1301;32.041
trainGa01;w001;1302;51.842
trainGa01;w001;1303;33.816
trainGa01;w001;1304;36.092
trainGa01;w001;1305;42.456
trainGa01;w001;1306;27.519
trainGa01;w001;1307;30.446
trainGa01;w001;1308;39.477
trainGa01;w001;1309;39.116
trainGa01;w001;1310;49.584
trainGa01;w001;1311;36.461
trainGa01;w001;1312;30.408
trainGa01;w001;1313;38.186
trainGa01;w001;1314;37.654
trainGa01;w001;1315;35.059
trainGa01;w001;1316;43.377
trainGa01;w001;1317;37.857
trainGa01;w001;1318;31.274
trainGa01;w001;1319;34.260
trainGa01;w001;1320;32.366
trainGa01;w001;1321;35.544
trainGa01;w001;1322;43.250
trainGa01;w001;1323;51.041
trainGa01;w001;1324;42.084
trainGa01;w001;1325;34.458
trainGa01;w001;1326;31.731
trainGa01;w001;1327;40.210
trainGa01;w001;1328;34.624
trainGa01;w001;1329;36.433
trainGa01;w001;1330;30.807
trainGa01;w001;1331;41.758
trainGa01;w001;1332;48.465
trainGa01;w001;1333;42.465
trainGa01;w001;1334;39.398
trainGa01;w001;1335;25.983
trainGa01;w001;1336;38.517
trainGa01;w001;1337;38.097
trainGa01;w001;1338;34.230
trainGa01;w001;1339;34.456
trainGa01;w001;1340;27.415
trainGa01;w001;1341;31.255
trainGa01;w001;1342;40.937
trainGa01;w001;1343;32.094
trainGa01;w001;1344;40.520
trainGa01;w001;1345;38.492
trainGa01;w001;1346;33.321
trainGa01;w001;1347;37.645
trainGa01;w001;1348;35.672
trainGa01;w001;1349;42.242
trainGa01;w001;1350;34.355
trainGa01;w001;1351;31.986
trainGa01;w001;1352;35.340
trainGa01;w001;1353;42.099
trainGa01;w001;1354;33.169
trainGa01;w001;1355;29.922
trainGa01;w001;1356;36.592
trainGa01;w001;1357;35.035
trainGa01;w001;1358;44.132
trainGa01;w001;1359;48.490
trainGa01;w001;1360;58.519
trainGa01;w001;1361;50.473
trainGa01;w001;1362;35.762
trainGa01;w001;1363;52.072
trainGa01;w001;1364;51.145
trainGa01;w001;1365;48.653
trainGa01;w001;1366;46.811
trainGa01;w001;1367;51.204
trainGa01;w001;1368;60.664
trainGa01;w001;1369;57.354
trainGa01;w001;1370;64.239
trainGa01;w001;1371;48.257
trainGa01;w001;1372;54.584
trainGa01;w001;1373;68.762
trainGa01;w001;1374;64.383
trainGa01;w001;1375;56.615
trainGa01;w001;1376;61.052
trainGa01;w001;1377;66.408
trainGa01;w001;1378;50.951
trainGa01;w001;1379;52.493
trainGa01;w001;1380;47.065
trainGa01;w001;1381;45.184
trainGa01;w001;1382;44.777
trainGa01;w001;1383;54.012
trainGa01;w001;1384;49.086
trainGa01;w001;1385;51.616
trainGa01;w001;1386;53.055
trainGa01;w001;1387;47.189
trainGa01;w001;1388;44.728
trainGa01;w001;1389;40.260
trainGa01;w001;1390;45.234
trainGa01;w001;1391;48.290
trainGa01;w001;1392;50.912
trainGa01;w001;1393;38.936
trainGa01;w001;1394;49.125
trainGa01;w001;1395;42.405
trainGa01;w001;1396;48.460
trainGa01;w001;1397;41.935
trainGa01;w001;1398;34.279
trainGa01;w001;1399;31.991
trainGa01;w001;1400;32.684
trainGa01;w001;1401;38.197
trainGa01;w001;1402;36.274
trainGa01;w001;1403;43.717
trainGa01;w001;1404;33.551
trainGa01;w001;1405;46.185
trainGa01;w001;1406;38.919
trainGa01;w001;1407;45.551
trainGa01;w001;1408;44.806
trainGa01;w001;1409;34.853
trainGa01;w001;1410;46.709
trainGa01;w001;1411;40.995
trainGa01;w001;1412;41.839
trainGa01;w001;1413;38.009
trainGa01;w001;1414;41.729
trainGa01;w001;1415;47.150
trainGa01;w001;1416;56.564
trainGa01;w001;1417;37.662
trainGa01;w001;1418;42.128
trainGa01;w001;1419;38.295
trainGa01;w001;1420;43.873
trainGa01;w001;1421;39.216
trainGa01;w001;1422;40.533
trainGa01;w001;1423;38.834
trainGa01;w001;1424;43.244
trainGa01;w001;1425;36.015
trainGa01;w001;1426;30.046
trainGa01;w001;1427;42.109
trainGa01;w001;1428;32.565
trainGa01;w001;1429;29.480
trainGa01;w001;1430;33.426
trainGa01;w001;1431;36.491
trainGa01;w001;1432;34.913
trainGa01;w001;1433;29.093
trainGa01;w001;1434;36.128
trainGa01;w001;1435;36.767
trainGa01;w001;1436;46.656
trainGa01;w001;1437;32.912
trainGa01;w001;1438;31.779
trainGa01;w001;1439;38.618
trainGa01;w001;1440;34.783
trainGa01;w001;1441;30.189
trainGa01;w001;1442;47.109
trainGa01;w001;1443;40.189
trainGa01;w001;1444;42.095
trainGa01;w001;1445;43.675
trainGa01;w001;1446;40.719
trainGa01;w001;1447;44.344
trainGa01;w001;1448;46.382
trainGa01;w001;1449;41.259
trainGa01;w001;1450;55.158
trainGa01;w001;1451;53.990
trainGa01;w001;1452;51.332
trainGa01;w001;1453;50.791
trainGa01;w001;1454;54.159
trainGa01;w001;1455;37.024
trainGa01;w001;1456;47.790
trainGa01;w001;1457;49.170
trainGa01;w001;1458;52.194
trainGa01;w001;1459;35.795
trainGa01;w001;1460;44.129
trainGa01;w001;1461;40.012
trainGa01;w001;1462;53.999
trainGa01;w001;1463;40.226
trainGa01;w001;1464;38.920
trainGa01;w001;1465;36.001
trainGa01;w001;1466;56.508
trainGa01;w001;1467;54.106
trainGa01;w001;1468;48.673
trainGa01;w001;1469;37.259
trainGa01;w001;1470;48.553
trainGa01;w001;1471;50.102
trainGa01;w001;1472;42.571
trainGa01;w001;1473;48.999
trainGa01;w001;1474;49.113
trainGa01;w001;1475;46.362
trainGa01;w001;1476;40.152
trainGa01;w001;1477;49.754
trainGa01;w001;1478;39.931
trainGa01;w001;1479;39.259
trainGa01;w001;1480;45.169
trainGa01;w001;1481;46.235
trainGa01;w001;1482;45.706
trainGa01;w001;1483;40.236
trainGa01;w001;1484;56.267
trainGa01;w001;1485;50.359
trainGa01;w001;1486;45.191
trainGa01;w001;1487;42.133
trainGa01;w001;1488;52.268
trainGa01;w001;1489;47.435
trainGa01;w001;1490;45.180
trainGa01;w001;1491;45.432
trainGa01;w001;1492;39.535
trainGa01;w001;1493;43.083
trainGa01;w001;1494;34.830
trainGa01;w001;1495;49.581
trainGa01;w001;1496;41.860
trainGa01;w001;1497;44.769
trainGa01;w001;1498;38.665
trainGa01;w001;1499;49.217
trainGa01;w001;1500;44.813
trainGa01;w001;1501;47.822
trainGa01;w001;1502;40.263
trainGa01;w001;1503;42.020
trainGa01;w001;1504;35.898
trainGa01;w001;1505;37.927
trainGa01;w001;1506;37.898
trainGa01;w001;1507;35.981
trainGa01;w001;1508;47.675
trainGa01;w001;1509;42.713
trainGa01;w001;1510;55.789
trainGa01;w001;1511;39.060
trainGa01;w001;1512;42.094
trainGa01;w001;1513;34.760
trainGa01;w001;1514;36.890
trainGa01;w001;1515;48.951
trainGa01;w001;1516;42.596
trainGa01;w001;1517;48.857
trainGa01;w001;1518;40.503
trainGa01;w001;1519;41.434
trainGa01;w001;1520;52.736
trainGa01;w001;1521;52.249
trainGa01;w001;1522;43.486
trainGa01;w001;1523;45.970
trainGa01;w001;1524;43.169
trainGa01;w001;1525;45.247
trainGa01;w001;1526;33.821
trainGa01;w001;1527;47.403
trainGa01;w001;1528;49.233
trainGa01;w001;1529;41.363
trainGa01;w001;1530;47.451
trainGa01;w001;1531;50.732
trainGa01;w001;1532;41.821
trainGa01;w001;1533;47.366
trainGa01;w001;1534;34.057
trainGa01;w001;1535;35.609
trainGa01;w001;1536;42.240
trainGa01;w001;1537;36.460
trainGa01;w001;1538;41.536
trainGa01;w001;1539;37.482
trainGa01;w001;1540;41.393
trainGa01;w001;1541;32.852
trainGa01;w001;1542;41.093
trainGa01;w001;1543;51.050
trainGa01;w001;1544;36.267
trainGa01;w001;1545;35.100
trainGa01;w001;1546;34.389
trainGa01;w001;1547;41.611
trainGa01;w001;1548;38.246
trainGa01;w001;1549;40.087
trainGa01;w001;1550;40.444
trainGa01;w001;1551;27.653
trainGa01;w001;1552;38.602
trainGa01;w001;1553;34.039
trainGa01;w001;1554;49.476
trainGa01;w001;1555;41.343
trainGa01;w001;1556;44.056
trainGa01;w001;1557;37.332
trainGa01;w001;1558;36.289
trainGa01;w001;1559;37.909
trainGa01;w001;1560;35.515
trainGa01;w001;1561;35.064
trainGa01;w001;1562;42.531
trainGa01;w001;1563;31.620
trainGa01;w001;1564;25.702
trainGa01;w001;1565;36.638
trainGa01;w001;1566;34.316
trainGa01;w001;1567;42.335
trainGa01;w001;1568;30.661
trainGa01;w001;1569;29.325
trainGa01;w001;1570;43.301
trainGa01;w001;1571;44.297
trainGa01;w001;1572;30.648
trainGa01;w001;1573;28.517
trainGa01;w001;1574;32.938
trainGa01;w001;1575;27.453
trainGa01;w001;1576;31.924
trainGa01;w001;1577;33.998
trainGa01;w001;1578;38.484
trainGa01;w001;1579;34.852
trainGa01;w001;1580;35.903
trainGa01;w001;1581;50.996
trainGa01;w001;1582;39.649
trainGa01;w001;1583;43.371
trainGa01;w001;1584;36.304
trainGa01;w001;1585;34.045
trainGa01;w001;1586;41.105
trainGa01;w001;1587;30.153
trainGa01;w001;1588;38.061
trainGa01;w001;1589;31.343
trainGa01;w001;1590;39.110
trainGa01;w001;1591;30.852
trainGa01;w001;1592;30.470
trainGa01;w001;1593;34.848
trainGa01;w001;1594;31.195
trainGa01;w001;1595;31.094
trainGa01;w001;1596;43.225
trainGa01;w001;1597;40.854
trainGa01;w001;1598;32.038
trainGa01;w001;1599;43.485
trainGa01;w001;1600;34.454
trainGa01;w001;1601;31.985
trainGa01;w001;1602;34.138
trainGa01;w001;1603;30.361
trainGa01;w001;1604;41.932
trainGa01;w001;1605;36.546
trainGa01;w001;1606;29.242
trainGa01;w001;1607;35.586
trainGa01;w001;1608;23.334
trainGa01;w001;1609;44.013
trainGa01;w001;1610;39.211
trainGa01;w001;1611;40.046
trainGa01;w001;1612;38.197
trainGa01;w001;1613;41.368
trainGa01;w001;1614;33.309
trainGa01;w001;1615;34.779
trainGa01;w001;1616;24.733
trainGa01;w001;1617;37.203
trainGa01;w001;1618;34.639
trainGa01;w001;1619;39.858
trainGa01;w001;1620;43.520
trainGa01;w001;1621;41.699
trainGa01;w001;1622;40.256
trainGa01;w001;1623;47.186
trainGa01;w001;1624;42.319
trainGa01;w001;1625;51.523
trainGa01;w001;1626;35.969
trainGa01;w001;1627;41.124
trainGa01;w001;1628;37.921
trainGa01;w001;1629;44.321
trainGa01;w001;1630;38.187
trainGa01;w001;1631;36.591
trainGa01;w001;1632;31.235
trainGa01;w001;1633;40.795
trainGa01;w001;1634;45.426
trainGa01;w001;1635;47.627
trainGa01;w001;1636;52.628
trainGa01;w001;1637;45.265
trainGa01;w001;1638;39.866
trainGa01;w001;1639;56.286
trainGa01;w001;1640;37.680
trainGa01;w001;1641;50.488
trainGa01;w001;1642;42.383
trainGa01;w001;1643;51.691
trainGa01;w001;1644;42.885
trainGa01;w001;1645;68.503
trainGa01;w001;1646;41.698
trainGa01;w001;1647;38.966
trainGa01;w001;1648;36.846
trainGa01;w001;1649;42.559
trainGa01;w001;1650;45.607
trainGa01;w001;1651;44.628
trainGa01;w001;1652;39.645
trainGa01;w001;1653;46.409
trainGa01;w001;1654;45.448
trainGa01;w001;1655;42.215
trainGa01;w001;1656;52.176
trainGa01;w001;1657;39.523
trainGa01;w001;1658;48.482
trainGa01;w001;1659;63.300
trainGa01;w001;1660;36.735
trainGa01;w001;1661;43.148
trainGa01;w001;1662;46.325
trainGa01;w001;1663;44.141
trainGa01;w001;1664;55.489
trainGa01;w001;1665;45.063
trainGa01;w001;1666;52.391
trainGa01;w001;1667;34.914
trainGa01;w001;1668;55.325
trainGa01;w001;1669;44.153
trainGa01;w001;1670;46.429
trainGa01;w001;1671;41.205
trainGa01;w001;1672;41.425
trainGa01;w001;1673;53.268
trainGa01;w001;1674;50.487
trainGa01;w001;1675;44.975
trainGa01;w001;1676;58.363
trainGa01;w001;1677;54.689
trainGa01;w001;1678;47.354
trainGa01;w001;1679;47.896
trainGa01;w001;1680;63.011
trainGa01;w001;1681;47.540
trainGa01;w001;1682;46.872
trainGa01;w001;1683;50.124
trainGa01;w001;1684;48.703
trainGa01;w001;1685;40.458
trainGa01;w001;1686;48.626
trainGa01;w001;1687;42.888
trainGa01;w001;1688;42.669
trainGa01;w001;1689;40.818
trainGa01;w001;1690;42.967
